zotero_item_id,zotero_key,zotero_item_type,is_likely_paper,zotero_topic_collection,zotero_collection_paths,zotero_tier_collection,title,short_title,authors,first_author,year,date,doi,url,venue,publication_title,proceedings_title,conference_name,repository,archive_id,publisher,library_catalog,has_abstract,abstract_snippet,extra,date_added,date_modified
3,U3S2Z98J,preprint,yes,08 Surveys and SoK Papers,MSc Thesis - Tool-Output Injection / 08 Surveys and SoK Papers || MSc Thesis - Tool-Output Injection / 08 Surveys and SoK Papers / T3,T3,The Landscape of Prompt Injection Threats in LLM Agents: From Taxonomy to Analysis,The Landscape of Prompt Injection Threats in LLM Agents,Peiran Wang; Xinfeng Li; Chong Xiang; Jinghuai Zhang; Ying Li; Lixia Zhang; Xiaofeng Wang; Yuan Tian,Peiran Wang,2026,2026-02-11 2026-02-11,10.48550/arXiv.2602.10453,http://arxiv.org/abs/2602.10453,arXiv,,,,arXiv,arXiv:2602.10453,,arXiv.org,yes,"The evolution of Large Language Models (LLMs) has resulted in a paradigm shift towards autonomous agents, necessitating robust security against Prompt Injection (PI) vulnerabilities where untrusted inputs hijack agent behaviors. This SoK presents a comprehensive overview of the PI landscape, covering attacks, defenses, and their evaluation practices. Through a systematic literature review and quantitative analysis, we establish taxonomies that categorize PI attacks by payload generation strategi",arXiv:2602.10453 [cs],2026-04-30 11:33:09,2026-05-13 04:08:15
16,Y9FIC86A,conferencePaper,yes,01 Foundations - LLM Agents and Tool Use,MSc Thesis - Tool-Output Injection / 01 Foundations - LLM Agents and Tool Use || MSc Thesis - Tool-Output Injection / 01 Foundations - LLM Agents and Tool Use / T1 || MSc Thesis - Tool-Output Injection / 10 To Verify,T1,Toolformer: Language Models Can Teach Themselves to Use Tools,Toolformer,Timo Schick; Jane Dwivedi-Yu; Roberto Dessi; Roberta Raileanu; Maria Lomeli; Eric Hambro; Luke Zettlemoyer; Nicola Cancedda; Thomas Scialom,Timo Schick,2023,2023-11-02 2023/11/02,,https://neurips.cc/virtual/2023/poster/71288,Thirty-seventh Conference on Neural Information Processing Systems,,,Thirty-seventh Conference on Neural Information Processing Systems,,,,openreview.net,yes,"Language models (LMs) exhibit remarkable abilities to solve new tasks from just a few examples or textual instructions, especially at scale. They also, paradoxically, struggle with basic functionality, such as arithmetic or factual lookup, where much simpler and smaller specialized models excel. In this paper, we show that LMs can teach themselves to *use external tools* via simple APIs and achieve the best of both worlds. We introduce *Toolformer*, a model trained to decide which APIs to call, ",,2026-05-12 03:37:06,2026-05-26 04:35:16
18,UBYMAY8X,conferencePaper,yes,03 Agent Security Benchmarks,MSc Thesis - Tool-Output Injection / 03 Agent Security Benchmarks || MSc Thesis - Tool-Output Injection / 03 Agent Security Benchmarks / T2 || MSc Thesis - Tool-Output Injection / 10 To Verify,T2,InjecAgent: Benchmarking Indirect Prompt Injections in Tool-Integrated Large Language Model Agents,InjecAgent,Qiusi Zhan; Zhixiang Liang; Zifan Ying; Daniel Kang; Lun-Wei Ku; Andre Martins; Vivek Srikumar,Qiusi Zhan,2024,2024-08-00 2024-08,10.18653/v1/2024.findings-acl.624,https://aclanthology.org/2024.findings-acl.624/,Findings of the Association for Computational Linguistics: ACL 2024,,Findings of the Association for Computational Linguistics: ACL 2024,Findings 2024,,,Association for Computational Linguistics,ACLWeb,yes,"Recent work has embodied LLMs as agents, allowing them to access tools, perform actions, and interact with external content (e.g., emails or websites). However, external content introduces the risk of indirect prompt injection (IPI) attacks, where malicious instructions are embedded within the content processed by LLMs, aiming to manipulate these agents into executing detrimental actions against users. Given the potentially severe consequences of such attacks, establishing benchmarks to assess a",,2026-05-11 03:07:07,2026-07-01 08:53:25
20,6VDYULVW,conferencePaper,yes,03 Agent Security Benchmarks,MSc Thesis - Tool-Output Injection || MSc Thesis - Tool-Output Injection / 03 Agent Security Benchmarks || MSc Thesis - Tool-Output Injection / 03 Agent Security Benchmarks / T1,T1,AgentDojo: a dynamic environment to evaluate prompt injection attacks and defenses for LLM agents,AgentDojo,Edoardo Debenedetti; Jie Zhang; Mislav Balunovic; Luca Beurer-Kellner; Marc Fischer; Florian Tramèr,Edoardo Debenedetti,2024,"2024-12-10 December 10, 2024",,,Proceedings of the 38th International Conference on Neural Information Processing Systems,,Proceedings of the 38th International Conference on Neural Information Processing Systems,,,,Curran Associates Inc.,ACM Digital Library,yes,"AI agents aim to solve complex tasks by combining text-based reasoning with external tool calls. Unfortunately, AI agents are vulnerable to prompt injection attacks where data returned by external tools hijacks the agent to execute malicious tasks. To measure the adversarial robustness of AI agents, we introduce AgentDojo, an evaluation framework for agents that execute tools over untrusted data. To capture the evolving nature of attacks and defenses, AgentDojo is not a static test suite, but ra",,2026-05-11 03:26:40,2026-07-01 08:53:58
21,DTTZMEMY,journalArticle,yes,07 Long-Horizon and Memory Risks,MSc Thesis - Tool-Output Injection / 07 Long-Horizon and Memory Risks / T3,T3,Clawed and Dangerous: Can We Trust Open Agentic Systems?,,Shiping Chen; Qin Wang; Guangsheng Yu; Xu Wang; Liming Zhu,Shiping Chen,2026,2026-00-00 2026,10.48550/arXiv.2603.26221,https://arxiv.org/abs/2603.26221,arXiv,,,,,,arXiv,,no,,,2026-05-14 03:49:47,2026-05-14 03:49:47
22,YNQJ8ZEK,journalArticle,yes,07 Long-Horizon and Memory Risks,MSc Thesis - Tool-Output Injection / 07 Long-Horizon and Memory Risks / T3,T3,Deep Research Brings Deeper Harm,,Shuo Chen; Zonggen Li; Zhen Han; Bailan He; Tong Liu; Haokun Chen; Georg Groh; Philip Torr; Volker Tresp; Jindong Gu,Shuo Chen,2025,2025-00-00 2025,10.48550/arXiv.2510.11851,https://arxiv.org/abs/2510.11851,arXiv,,,,,,arXiv,,no,,,2026-05-14 03:49:46,2026-05-14 03:49:46
27,SBEBWL9I,journalArticle,yes,04 MCP Security,MSc Thesis - Tool-Output Injection / 04 MCP Security / T3,T3,MCPGuard: Automatically Detecting Vulnerabilities in MCP Servers,,Bin Wang; Zexin Liu; Hao Yu; others,Bin Wang,2025,2025-00-00 2025,10.48550/arXiv.2510.23673,https://arxiv.org/abs/2510.23673,arXiv,,,,,,arXiv,,no,,,2026-05-14 03:49:46,2026-05-14 03:49:46
28,JSUEKJ7I,journalArticle,yes,04 MCP Security,MSc Thesis - Tool-Output Injection / 04 MCP Security / T3,T3,MCPSecBench: A Systematic Security Benchmark and Playground for Testing Model Context Protocols,,Yixuan Yang; Daoyuan Wu; Yufan Chen,Yixuan Yang,2025,2025-00-00 2025,10.48550/arXiv.2508.13220,https://arxiv.org/abs/2508.13220,arXiv,,,,,,arXiv,,no,,,2026-05-14 03:49:46,2026-05-14 03:49:46
30,DTQF7NL9,journalArticle,yes,02 Prompt Injection - Core,MSc Thesis - Tool-Output Injection / 02 Prompt Injection - Core / T1 || MSc Thesis - Tool-Output Injection / 10 To Verify,T1,ObliInjection: Order-Oblivious Prompt Injection Attack to LLM Agents with Multi-source Data,,Reachal Wang; Yuqi Jia; Neil Zhenqiang Gong,Reachal Wang,2025,2025-00-00 2025,10.48550/arXiv.2512.09321,https://www.ndss-symposium.org/ndss-paper/obliinjection-order-oblivious-prompt-injection-attack-to-llm-agents-with-multi-source-data/,arXiv,,,,,,arXiv,,no,,,2026-05-14 03:49:46,2026-05-14 03:49:46
32,IQPU5RCM,journalArticle,yes,07 Long-Horizon and Memory Risks,MSc Thesis - Tool-Output Injection / 07 Long-Horizon and Memory Risks / T3,T3,CausalArmor: Efficient Indirect Prompt Injection Guardrails via Causal Attribution,,Minbeom Kim; Mihir Parmar; Phillip Wallis; others,Minbeom Kim,2026,2026-00-00 2026,10.48550/arXiv.2602.07918,https://arxiv.org/abs/2602.07918,arXiv,,,,,,arXiv,,no,,,2026-05-14 03:49:46,2026-05-14 03:49:46
33,FTQ5VZVM,journalArticle,yes,07 Long-Horizon and Memory Risks,MSc Thesis - Tool-Output Injection / 07 Long-Horizon and Memory Risks / T3,T3,AttriGuard: Defeating Indirect Prompt Injection in LLM Agents via Causal Attribution of Tool Invocations,,Yu He; Haozhe Zhu; Yiming Li; others,Yu He,2026,2026-00-00 2026,10.48550/arXiv.2603.10749,https://arxiv.org/abs/2603.10749,arXiv,,,,,,arXiv,,no,,,2026-05-14 03:49:46,2026-05-14 03:49:46
34,72G39ZQF,preprint,yes,07 Long-Horizon and Memory Risks,MSc Thesis - Tool-Output Injection / 07 Long-Horizon and Memory Risks || MSc Thesis - Tool-Output Injection / 07 Long-Horizon and Memory Risks / T3,T3,Architecting Secure AI Agents: Perspectives on System-Level Defenses Against Indirect Prompt Injection Attacks,,Chong Xiang; Drew Zagieboylo; Shaona Ghosh; others,Chong Xiang,2026,2026-00-00 2026,10.48550/arXiv.2603.30016,https://doi.org/10.48550/arXiv.2603.30016,arXiv,,,,arXiv,,,,no,,,2026-05-14 03:49:46,2026-07-01 10:32:32
37,HKSBD6XX,journalArticle,yes,06 Defences and Guardrails,MSc Thesis - Tool-Output Injection / 06 Defences and Guardrails / T3,T3,Defending Against Prompt Injection with DataFilter,,Yizhu Wang; Sizhe Chen; Raghad Alkhudair; others,Yizhu Wang,2025,2025-00-00 2025,10.48550/arXiv.2510.19207,https://arxiv.org/pdf/2510.19207,arXiv,,,,,,arXiv,,no,,,2026-05-14 03:49:46,2026-05-14 03:49:46
38,KH7WK27R,journalArticle,yes,02 Prompt Injection - Core,MSc Thesis - Tool-Output Injection / 02 Prompt Injection - Core,,"Indirect Prompt Injections: Are Firewalls All You Need, or Stronger Benchmarks?",,Rishika Bhagwatkar; Kevin Kasa; Abhay Puri; others,Rishika Bhagwatkar,2025,2025-00-00 2025,10.48550/arXiv.2510.05244,https://arxiv.org/pdf/2510.05244,arXiv,,,,,,arXiv,,no,,,2026-05-14 03:49:46,2026-05-14 03:49:46
47,RPSPBMVF,conferencePaper,yes,02 Prompt Injection - Core,MSc Thesis - Tool-Output Injection / 02 Prompt Injection - Core / T2,T2,Not What You've Signed Up For: Compromising Real-World LLM-Integrated Applications with Indirect Prompt Injection,,Kai Greshake; Sahar Abdelnabi; Shailesh Mishra; others,Kai Greshake,2023,2023-00-00 2023,10.1145/3605764.3623985,https://doi.org/10.1145/3605764.3623985,Proceedings of the 16th ACM Workshop on Artificial Intelligence and Security,,Proceedings of the 16th ACM Workshop on Artificial Intelligence and Security,,,,ACM,,no,,,2026-05-14 03:49:46,2026-05-14 03:49:46
51,7T8N7IJZ,conferencePaper,yes,01 Foundations - LLM Agents and Tool Use,MSc Thesis - Tool-Output Injection / 01 Foundations - LLM Agents and Tool Use || MSc Thesis - Tool-Output Injection / 01 Foundations - LLM Agents and Tool Use / T1,T1,ReAct: Synergizing Reasoning and Acting in Language Models,ReAct,Shunyu Yao; Jeffrey Zhao; Dian Yu; Nan Du; Izhak Shafran; Karthik R. Narasimhan; Yuan Cao,Shunyu Yao,2022,2022-09-29 2022/09/29,,https://openreview.net/forum?id=WE_vluYUL-X,The Eleventh International Conference on Learning Representations,,,The Eleventh International Conference on Learning Representations,,,,openreview.net,yes,"While large language models (LLMs) have demonstrated impressive capabilities across tasks in language understanding and interactive decision making, their abilities for reasoning (e.g. chain-of-thought prompting) and acting (e.g. action plan generation) have primarily been studied as separate topics. In this paper, we explore the use of LLMs to generate both reasoning traces and task-specific actions in an interleaved manner, allowing for greater synergy between the two: reasoning traces help th",,2026-05-12 04:16:11,2026-07-01 08:51:56
52,WFEX74YG,conferencePaper,yes,01 Foundations - LLM Agents and Tool Use,MSc Thesis - Tool-Output Injection / 01 Foundations - LLM Agents and Tool Use,,MCP-Bench: Benchmarking Tool-Using LLM Agents with Complex Real-World Tasks via MCP Servers,MCP-Bench,Zhenting Wang; Qi Chang; Hemani Patel; Shashank Biju; Cheng-En Wu; Quan Liu; Aolin Ding; Alireza Rezazadeh; Ankit Shah; Yujia Bao; Eugene Siow,Zhenting Wang,2025,2025-10-08 2025/10/08,,https://openreview.net/forum?id=fe8mzHwMxN,The Fourteenth International Conference on Learning Representations,,,The Fourteenth International Conference on Learning Representations,,,,openreview.net,yes,"We introduce MCP-Bench, a benchmark for evaluating large language models (LLMs) on realistic, multi-step tasks that demand tool use, cross-tool coordination, precise parameter control, and planning/reasoning for solving tasks. Built on the Model Context Protocol (MCP), MCP-Bench connects LLMs to 28 representative live MCP servers spanning 250 tools across domains such as finance, traveling, scientific computing, and academic search. Unlike prior API-based benchmarks, each MCP server provides a s",,2026-05-11 04:59:20,2026-05-13 04:27:13
53,A8YYQAD6,journalArticle,yes,02 Prompt Injection - Core,MSc Thesis - Tool-Output Injection / 02 Prompt Injection - Core,,From prompt injections to protocol exploits: Threats in LLM-powered AI agents workflows,From prompt injections to protocol exploits,Mohamed Amine Ferrag; Norbert Tihanyi; Djallel Hamouda; Leandros Maglaras; Abderrahmane Lakas; Merouane Debbah,Mohamed Amine Ferrag,2026,2026-04-01 2026-04-01,10.1016/j.icte.2025.12.001,https://www.sciencedirect.com/science/article/pii/S2405959525001997,ICT Express,ICT Express,,,,,,ScienceDirect,yes,"Autonomous AI agents powered by large language models (LLMs) with structured function-calling interfaces have greatly expanded capabilities for real-time data retrieval, computation, and multi-step orchestration. However, the rapid growth of plugins, connectors, and inter-agent protocols has outpaced security practices, leading to brittle integrations — plugin APIs and protocol adapters that rely on ad-hoc authentication, inconsistent schemas, and weak validation — making them vulnerable to fail",,2026-05-11 03:21:52,2026-05-13 04:25:33
54,L6F6YM4P,journalArticle,yes,02 Prompt Injection - Core,MSc Thesis - Tool-Output Injection / 02 Prompt Injection - Core || MSc Thesis - Tool-Output Injection / 02 Prompt Injection - Core / T3,T3,"Prompt Injection Attacks on Agentic Coding Assistants: A Systematic Analysis of Vulnerabilities in Skills, Tools, and Protocol Ecosystems",Prompt Injection Attacks on Agentic Coding Assistants,Narek Maloyan; Dmitry Namiot,Narek Maloyan,2025,2025-03-24 2025-03-24,10.48550/arXiv.2601.17548,http://arxiv.org/abs/2601.17548,arXiv,,,,,,arXiv,arXiv.org,yes,"The proliferation of agentic AI coding assistants, including Claude Code, GitHub Copilot, Cursor, and emerging skill-based architectures, has fundamentally transformed software development workflows. These systems leverage Large Language Models (LLMs) integrated with external tools, file systems, and shell access through protocols like the Model Context Protocol (MCP). However, this expanded capability surface introduces critical security vulnerabilities. In this \textbf{Systematization of Knowl",arXiv:2601.17548 [cs],2026-05-11 03:12:57,2026-05-15 11:10:07
57,XWI8T4ZP,journalArticle,yes,04 MCP Security,MSc Thesis - Tool-Output Injection / 04 MCP Security,,Model Context Protocol Threat Modeling and Analysis of Vulnerabilities to Prompt Injection with Tool Poisoning,,Charoes Huang; Xin Huang; Ngoc Phu Tran; Amin Milani Fard,Charoes Huang,2026,2026-06-00 2026/6,10.3390/jcp6030084,https://www.mdpi.com/2624-800X/6/3/84,Journal of Cybersecurity and Privacy,Journal of Cybersecurity and Privacy,,,,,Multidisciplinary Digital Publishing Institute,www.mdpi.com,yes,"The Model Context Protocol (MCP) has rapidly emerged as a universal standard for connecting AI assistants to external tools and data sources. While the MCP simplifies integration between AI applications and various services, it introduces significant security vulnerabilities, particularly on the client side. In this work, we conduct threat modelings of MCP implementations using STRIDE (Spoofing, Tampering, Repudiation, Information Disclosure, Denial of Service, Elevation of Privilege) and DREAD ",,2026-05-12 04:04:08,2026-05-13 04:08:15
58,6YA4IXBK,conferencePaper,yes,04 MCP Security,MSc Thesis - Tool-Output Injection / 04 MCP Security || MSc Thesis - Tool-Output Injection / 04 MCP Security / T1,T1,MCP Security Bench (MSB): Benchmarking Attacks Against Model Context Protocol in LLM Agents,MCP Security Bench (MSB),Dongsen Zhang; Zekun Li; Xu Luo; Xuannan Liu; Pei Pei Li; Wenjun Xu,Dongsen Zhang,2025,2025-10-08 2025/10/08,,https://openreview.net/forum?id=irxxkFMrry,The Fourteenth International Conference on Learning Representations,,,The Fourteenth International Conference on Learning Representations,,,,openreview.net,yes,"The Model Context Protocol (MCP) standardizes how large language model (LLM) agents discover, describe, and call external tools. While MCP unlocks broad interoperability, it also enlarges the attack surface by making tools first-class, composable objects with natural-language metadata, and standardized I/O. We present MSB (MCP Security Benchmark), the first end-to-end evaluation suite that systematically measures how well LLM agents resist MCP-specific attacks throughout the full tool-use pipeli",,2026-05-12 04:03:43,2026-05-13 04:08:15
59,XPJXZV4L,conferencePaper,yes,06 Defences and Guardrails,MSc Thesis - Tool-Output Injection / 06 Defences and Guardrails || MSc Thesis - Tool-Output Injection / 06 Defences and Guardrails / T1,T1,StruQ: Defending Against Prompt Injection with Structured Queries,StruQ,Sizhe Chen; Julien Piet; Chawin Sitawarin; David Wagner,Sizhe Chen,2025,2025-00-00 2025,,https://www.usenix.org/conference/usenixsecurity25/presentation/chen-sizhe,34th USENIX Security Symposium (USENIX Security 25),,,34th USENIX Security Symposium (USENIX Security 25),,,,www.usenix.org,no,,,2026-05-12 03:55:24,2026-05-13 04:08:15
60,FC28CLID,journalArticle,yes,04 MCP Security,MSc Thesis - Tool-Output Injection / 04 MCP Security || MSc Thesis - Tool-Output Injection / 04 MCP Security / T1,T1,"Model Context Protocol (MCP): Landscape, Security Threats, and Future Research Directions",Model Context Protocol (MCP),Xinyi Hou; Yanjie Zhao; Shenao Wang; Haoyu Wang,Xinyi Hou,2026,"2026-02-16 February 16, 2026",10.1145/3796519,https://dl.acm.org/doi/10.1145/3796519,ACM Trans. Softw. Eng. Methodol.,ACM Trans. Softw. Eng. Methodol.,,,,,,ACM Digital Library,yes,"The Model Context Protocol (MCP) is an emerging open standard that defines a unified, bi-directional communication and dynamic discovery protocol between AI models and external tools or resources, aiming to enhance interoperability and reduce fragmentation across diverse systems. This paper conducts a systematic study of MCP from both architectural and security perspectives. We first define the full lifecycle of an MCP server, comprising four phases (creation, deployment, operation, and maintena",Just Accepted,2026-05-11 03:10:01,2026-05-13 04:08:15
84,WQKSX6CH,conferencePaper,yes,,,,AgentDojo: A Dynamic Environment to Evaluate Prompt Injection Attacks and Defenses for LLM Agents,,Edoardo Debenedetti; Jie Zhang; Mislav Balunovic; Luca Beurer-Kellner; Marc Fischer; Florian Tramèr; A. Globerson; L. Mackey; D. Belgrave; A. Fan; U. Paquet; J. Tomczak; C. Zhang,Edoardo Debenedetti,2024,2024-00-00 2024,10.52202/079017-2636,https://proceedings.neurips.cc/paper_files/paper/2024/file/97091a5177d8dc64b1da8bf3e1f6fb54-Paper-Datasets_and_Benchmarks_Track.pdf,Advances in Neural Information Processing Systems,,Advances in Neural Information Processing Systems,,,,"Curran Associates, Inc.",,no,,,2026-05-15 05:32:21,2026-05-15 05:32:21
87,VCNND6BN,conferencePaper,yes,06 Defences and Guardrails,MSc Thesis - Tool-Output Injection / 06 Defences and Guardrails / T2,T2,Defending against Indirect Prompt Injection by Instruction Detection,,Tongyu Wen; Chenglong Wang; Xiyuan Yang; Haoyu Tang; Yueqi Xie; Lingjuan Lyu; Zhicheng Dou; Fangzhao Wu; Christos Christodoulopoulos; Tanmoy Chakraborty; Carolyn Rose; Violet Peng,Tongyu Wen,2025,2025-11-00 2025-11,10.18653/v1/2025.findings-emnlp.1060,https://aclanthology.org/2025.findings-emnlp.1060/,Findings of the Association for Computational Linguistics: EMNLP 2025,,Findings of the Association for Computational Linguistics: EMNLP 2025,Findings 2025,,,Association for Computational Linguistics,ACLWeb,yes,"The integration of Large Language Models (LLMs) with external sources is becoming increasingly common, with Retrieval-Augmented Generation (RAG) being a prominent example. However, this integration introduces vulnerabilities of Indirect Prompt Injection (IPI) attacks, where hidden instructions embedded in external data can manipulate LLMs into executing unintended or harmful actions. We recognize that IPI attacks fundamentally rely on the presence of instructions embedded within external content",,2026-05-27 04:56:24,2026-05-27 04:56:24
88,M2KVIGTA,conferencePaper,yes,06 Defences and Guardrails,MSc Thesis - Tool-Output Injection / 06 Defences and Guardrails / T1,T1,MELON: Provable Defense Against Indirect Prompt Injection Attacks in AI Agents,MELON,Kaijie Zhu; Xianjun Yang; Jindong Wang; Wenbo Guo; William Yang Wang,Kaijie Zhu,2025,2025-06-18 2025/06/18,,https://openreview.net/forum?id=gt1MmGaKdZ,Forty-second International Conference on Machine Learning,,,Forty-second International Conference on Machine Learning,,,,openreview.net,yes,"Recent research has explored that LLM agents are vulnerable to indirect prompt injection (IPI) attacks, where malicious tasks embedded in tool-retrieved information can redirect the agent to take unauthorized actions. Existing defenses against IPI have significant limitations: either require essential model training resources, lack effectiveness against sophisticated attacks, or harm the normal utilities. We present MELON (Masked re-Execution and TooL comparisON), a novel IPI defense. Our approa",,2026-05-27 04:55:39,2026-05-27 04:55:39
89,F2Z4UQN8,preprint,yes,06 Defences and Guardrails,MSc Thesis - Tool-Output Injection / 06 Defences and Guardrails / T3,T3,Defeating Prompt Injections by Design,,Edoardo Debenedetti; Ilia Shumailov; Tianqi Fan; Jamie Hayes; Nicholas Carlini; Daniel Fabian; Christoph Kern; Chongyang Shi; Andreas Terzis; Florian Tramèr,Edoardo Debenedetti,2025,2025-06-24 2025-06-24,10.48550/arXiv.2503.18813,http://arxiv.org/abs/2503.18813,arXiv,,,,arXiv,arXiv:2503.18813,,arXiv.org,yes,"Large Language Models (LLMs) are increasingly deployed in agentic systems that interact with an untrusted environment. However, LLM agents are vulnerable to prompt injection attacks when handling untrusted data. In this paper we propose CaMeL, a robust defense that creates a protective system layer around the LLM, securing it even when underlying models are susceptible to attacks. To operate, CaMeL explicitly extracts the control and data flows from the (trusted) query; therefore, the untrusted ",arXiv:2503.18813 [cs.CR],2026-05-27 04:54:56,2026-05-27 04:54:56
90,FCNZA3HV,preprint,yes,06 Defences and Guardrails,MSc Thesis - Tool-Output Injection / 06 Defences and Guardrails / T3,T3,Meta SecAlign: A Secure Foundation LLM Against Prompt Injection Attacks,Meta SecAlign,Sizhe Chen; Arman Zharmagambetov; David Wagner; Chuan Guo,Sizhe Chen,2026,2026-02-06 2026-02-06,10.48550/arXiv.2507.02735,http://arxiv.org/abs/2507.02735,arXiv,,,,arXiv,arXiv:2507.02735,,arXiv.org,yes,"Prompt injection attacks, where untrusted data contains an injected prompt to manipulate the system, have been listed as the top security threat to LLM-integrated applications. Model-level prompt injection defenses have shown strong effectiveness, but the strongest defenses are proprietary. Open-source secure models are needed by the AI security community so that co-development of attacks and defenses through open research can drive scientific progress in mitigating prompt injection attacks. To ",arXiv:2507.02735 [cs.CR],2026-05-27 04:54:25,2026-07-01 11:05:31
91,RQZHUZ2E,conferencePaper,yes,06 Defences and Guardrails,MSc Thesis - Tool-Output Injection / 06 Defences and Guardrails / T1,T1,SecAlign: Defending Against Prompt Injection with Preference Optimization,SecAlign,Sizhe Chen; Arman Zharmagambetov; Saeed Mahloujifar; Kamalika Chaudhuri; David Wagner; Chuan Guo,Sizhe Chen,2025,"2025-11-22 November 22, 2025",10.1145/3719027.3744836,https://dl.acm.org/doi/10.1145/3719027.3744836,Proceedings of the 2025 ACM SIGSAC Conference on Computer and Communications Security,,Proceedings of the 2025 ACM SIGSAC Conference on Computer and Communications Security,,,,Association for Computing Machinery,ACM Digital Library,yes,"Large language models (LLMs) are becoming increasingly prevalent in modern software systems, interfacing between the user and the Internet to assist with tasks that require advanced language understanding. To accomplish these tasks, the LLM often uses external data sources such as user documents, web retrieval, results from API calls, etc. This opens up new avenues for attackers to manipulate the LLM via prompt injection. Adversarial prompts can be injected into external data sources to override",,2026-05-27 04:53:50,2026-05-27 04:53:50
92,NNNY6JGT,conferencePaper,yes,04 MCP Security,MSc Thesis - Tool-Output Injection / 04 MCP Security / T1,T1,MCIP: Protecting MCP Safety via Model Contextual Integrity Protocol,MCIP,Huihao Jing; Haoran Li; Wenbin Hu; Qi Hu; Xu Heli; Tianshu Chu; Peizhao Hu; Yangqiu Song; Christos Christodoulopoulos; Tanmoy Chakraborty; Carolyn Rose; Violet Peng,Huihao Jing,2025,2025-11-00 2025-11,10.18653/v1/2025.emnlp-main.62,https://aclanthology.org/2025.emnlp-main.62/,Proceedings of the 2025 Conference on Empirical Methods in Natural Language Processing,,Proceedings of the 2025 Conference on Empirical Methods in Natural Language Processing,EMNLP 2025,,,Association for Computational Linguistics,ACLWeb,yes,"As Model Context Protocol (MCP) introduces an easy-to-use ecosystem for users and developers, it also brings underexplored safety risks. Its decentralized architecture, which separates clients and servers, poses unique challenges for systematic safety analysis. This paper proposes a novel framework to enhance MCP safety. Guided by the MAESTRO framework, we first analyze the missing safety mechanisms in MCP, and based on this analysis, we propose the Model Contextual Integrity Protocol (MCIP), a ",,2026-05-27 04:49:25,2026-05-27 04:49:25
95,WBVWFGY8,preprint,yes,04 MCP Security,MSc Thesis - Tool-Output Injection / 04 MCP Security / T3,T3,A First Measurement Study on Authentication Security in Real-World Remote MCP Servers,,Huijun Zhou; Xiaohan Zhang; Haozhe Zhang; Haoyang Zhang; Mi Zhang; Min Yang,Huijun Zhou,2026,2026-05-21 2026-05-21,10.48550/arXiv.2605.22333,http://arxiv.org/abs/2605.22333,arXiv,,,,arXiv,arXiv:2605.22333,,arXiv.org,yes,"The Model Context Protocol (MCP) is emerging as a common interface connecting large language models (LLMs) with external services. Remote deployments are becoming increasingly important as agents connect to user-linked online services, such as social, productivity, and financial services. In such deployments, the authentication boundary between MCP clients and remote servers becomes security-critical, yet remains underexplored. We present the first measurement study of authentication security in",arXiv:2605.22333 [cs.CR],2026-05-27 04:46:38,2026-05-27 04:46:38
96,UMIR8WCK,preprint,yes,04 MCP Security,MSc Thesis - Tool-Output Injection / 04 MCP Security / T3,T3,MCP-ITP: An Automated Framework for Implicit Tool Poisoning in MCP,MCP-ITP,Ruiqi Li; Zhiqiang Wang; Yunhao Yao; Xiang-Yang Li,Ruiqi Li,2026,2026-01-12 2026-01-12,10.48550/arXiv.2601.07395,http://arxiv.org/abs/2601.07395,arXiv,,,,arXiv,arXiv:2601.07395,,arXiv.org,yes,"To standardize interactions between LLM-based agents and their environments, the Model Context Protocol (MCP) was proposed and has since been widely adopted. However, integrating external tools expands the attack surface, exposing agents to tool poisoning attacks. In such attacks, malicious instructions embedded in tool metadata are injected into the agent context during MCP registration phase, thereby manipulating agent behavior. Prior work primarily focuses on explicit tool poisoning or relied",arXiv:2601.07395 [cs.CR],2026-05-27 04:46:12,2026-05-27 04:46:12
97,Q86FN9Y6,preprint,yes,04 MCP Security,MSc Thesis - Tool-Output Injection / 04 MCP Security / T3,T3,Semantic Attacks on Tool-Augmented LLMs: Securing the Model Context Protocol Against Descriptor-Level Manipulation,Semantic Attacks on Tool-Augmented LLMs,Saeid Jamshidi; Arghavan Moradi Dakhel; Kawser Wazed Nafi; Foutse Khomh,Saeid Jamshidi,2026,2026-05-21 2026-05-21,10.48550/arXiv.2512.06556,http://arxiv.org/abs/2512.06556,arXiv,,,,arXiv,arXiv:2512.06556,,arXiv.org,yes,"The Model Context Protocol (MCP) enables Large Language Models (LLMs) to interact with external tools via tool descriptors, thereby extending their capabilities for task execution, autonomous decision-making, and multi-agent coordination. Existing MCP deployments treat tool descriptors as trusted metadata, despite their direct integration into the LLM reasoning context. This introduces a previously underexplored semantic attack surface. Current defenses primarily target prompt injection, neglect",arXiv:2512.06556 [cs.CR],2026-05-27 04:45:14,2026-05-27 04:45:14
98,7D8YAKFC,preprint,yes,04 MCP Security,MSc Thesis - Tool-Output Injection / 04 MCP Security / T3,T3,MCP-Guard: A Multi-Stage Defense-in-Depth Framework for Securing Model Context Protocol in Agentic AI,MCP-Guard,Wenpeng Xing; Zhonghao Qi; Yupeng Qin; Yilin Li; Caini Chang; Jiahui Yu; Changting Lin; Zhenzhen Xie; Meng Han,Wenpeng Xing,2026,2026-01-08 2026-01-08,10.48550/arXiv.2508.10991,http://arxiv.org/abs/2508.10991,arXiv,,,,arXiv,arXiv:2508.10991,,arXiv.org,yes,"While Large Language Models (LLMs) have achieved remarkable performance, they remain vulnerable to jailbreak. The integration of Large Language Models (LLMs) with external tools via protocols such as the Model Context Protocol (MCP) introduces critical security vulnerabilities, including prompt injection, data exfiltration, and other threats. To counter these challenges, we propose MCP-GUARD, a robust, layered defense architecture designed for LLM-tool interactions. MCP-GUARD employs a three-sta",arXiv:2508.10991 [cs.CR],2026-05-27 04:43:09,2026-05-27 04:43:09
99,HPWZGUM9,journalArticle,yes,04 MCP Security,MSc Thesis - Tool-Output Injection / 04 MCP Security / T1,T1,MCPTox: A Benchmark for Tool Poisoning on Real-World MCP Servers,MCPTox,Zhiqiang Wang; Yichao Gao; Yanting Wang; Suyuan Liu; Haifeng Sun; Haoran Cheng; Guanquan Shi; Haohua Du; Xiangyang Li,Zhiqiang Wang,2026,2026-03-14 2026-03-14,10.1609/aaai.v40i42.40895,https://ojs.aaai.org/index.php/AAAI/article/view/40895,Proceedings of the AAAI Conference on Artificial Intelligence,Proceedings of the AAAI Conference on Artificial Intelligence,,,,,,ojs.aaai.org,yes,"By providing a standardized interface for LLM agents to interact with external tools, the Model Context Protocol (MCP) is quickly becoming a cornerstone of the modern autonomous agent ecosystem. However, it creates novel attack surfaces due to untrusted external tools. While prior work has focused on attacks injected through external tool outputs, we investigate a more fundamental vulnerability: Tool Poisoning, where malicious instructions are embedded within a tool's metadata at the registratio",,2026-05-27 04:41:13,2026-05-27 04:41:13
100,2DW3452X,preprint,yes,04 MCP Security,MSc Thesis - Tool-Output Injection / 04 MCP Security / T3,T3,Beyond the Protocol: Unveiling Attack Vectors in the Model Context Protocol (MCP) Ecosystem,Beyond the Protocol,Hao Song; Yiming Shen; Wenxuan Luo; Leixin Guo; Ting Chen; Jiashui Wang; Beibei Li; Xiaosong Zhang; Jiachi Chen,Hao Song,2025,2025-09-14 2025-09-14,10.48550/arXiv.2506.02040,http://arxiv.org/abs/2506.02040,arXiv,,,,arXiv,arXiv:2506.02040,,arXiv.org,yes,"The Model Context Protocol (MCP) is an emerging standard designed to enable seamless interaction between Large Language Model (LLM) applications and external tools or resources. Within a short period, thousands of MCP services have been developed and deployed. However, the client-server integration architecture inherent in MCP may expand the attack surface against LLM Agent systems, introducing new vulnerabilities that allow attackers to exploit by designing malicious MCP servers. In this paper,",arXiv:2506.02040 [cs.CR],2026-05-27 04:31:41,2026-05-27 04:31:41
101,KGR36MVC,conferencePaper,yes,03 Agent Security Benchmarks,MSc Thesis - Tool-Output Injection / 03 Agent Security Benchmarks / T1,T1,Prompt Injection Attack to Tool Selection in LLM Agents,,Jiawen Shi; Zenghui Yuan; Guiyao Tie; Pan Zhou,Jiawen Shi,2026,2026-05-17 2026-05-17,10.14722/ndss.2026.230675,https://www.ndss-symposium.org/ndss-paper/prompt-injection-attack-to-tool-selection-in-llm-agents/,The Network and Distributed System Security (NDSS) Symposium 2026,,,The Network and Distributed System Security (NDSS) Symposium 2026,,,,www.researchgate.net,yes,"Request PDF | On Jan 1, 2026, Jiawen Shi and others published Prompt Injection Attack to Tool Selection in LLM Agents | Find, read and cite all the research you need on ResearchGate",,2026-05-26 05:30:08,2026-05-26 05:37:26
102,RQ2ENFAS,conferencePaper,yes,03 Agent Security Benchmarks,MSc Thesis - Tool-Output Injection / 03 Agent Security Benchmarks / T1,T1,Les Dissonances: Cross-Tool Harvesting and Polluting in Pool-of-Tools Empowered LLM Agents,Les Dissonances,Zichuan Li; Jian Cui; Xiaojing Liao; Luyi Xing,Zichuan Li,,,,https://www.ndss-symposium.org/ndss-paper/les-dissonances-cross-tool-harvesting-and-polluting-in-pool-of-tools-empowered-llm-agents/,The Network and Distributed System Security (NDSS) Symposium 2026,,,The Network and Distributed System Security (NDSS) Symposium 2026,,,,,no,,,2026-05-26 05:34:20,2026-05-26 05:37:17
104,DYQGJAAP,preprint,yes,03 Agent Security Benchmarks,MSc Thesis - Tool-Output Injection / 03 Agent Security Benchmarks / T3,T3,Simple Prompt Injection Attacks Can Leak Personal Data Observed by LLM Agents During Task Execution,,Meysam Alizadeh; Zeynab Samei; Daria Stetsenko; Fabrizio Gilardi,Meysam Alizadeh,2025,2025-06-01 2025-06-01,10.48550/arXiv.2506.01055,http://arxiv.org/abs/2506.01055,arXiv,,,,arXiv,arXiv:2506.01055,,arXiv.org,yes,"Previous benchmarks on prompt injection in large language models (LLMs) have primarily focused on generic tasks and attacks, offering limited insights into more complex threats like data exfiltration. This paper examines how prompt injection can cause tool-calling agents to leak personal data observed during task execution. Using a fictitious banking agent, we develop data flow-based attacks and integrate them into AgentDojo, a recent benchmark for agentic security. To enhance its scope, we also",arXiv:2506.01055 [cs.CR],2026-05-26 05:26:53,2026-05-26 05:26:53
105,VU8H67BM,conferencePaper,yes,03 Agent Security Benchmarks,MSc Thesis - Tool-Output Injection / 03 Agent Security Benchmarks / T1,T1,OS-Harm: A Benchmark for Measuring Safety of Computer Use Agents,OS-Harm,Thomas Kuntz; Agatha Duzan; Hao Zhao; Francesco Croce; J. Zico Kolter; Nicolas Flammarion; Maksym Andriushchenko,Thomas Kuntz,2025,2025-10-30 2025/10/30,,https://openreview.net/forum?id=Di30GwhQSX,The Thirty-ninth Annual Conference on Neural Information Processing Systems Datasets and Benchmarks Track,,,The Thirty-ninth Annual Conference on Neural Information Processing Systems Datasets and Benchmarks Track,,,,openreview.net,yes,"Computer use agents are LLM-based agents that can directly interact with a graphical user interface, by processing screenshots or accessibility trees. While these systems are gaining popularity, their safety has been largely overlooked, despite the fact that evaluating and understanding their potential for harmful behavior is essential for widespread adoption. To address this gap, we introduce OS-Harm, a new benchmark for measuring safety of computer use agents. OS-Harm is built on top of the OS",,2026-05-26 05:25:21,2026-05-26 05:25:21
107,4IB3I8IZ,conferencePaper,yes,03 Agent Security Benchmarks,MSc Thesis - Tool-Output Injection / 03 Agent Security Benchmarks / T1,T1,SafeToolBench: Pioneering a Prospective Benchmark to Evaluating Tool Utilization Safety in LLMs,SafeToolBench,Hongfei Xia; Hongru Wang; Zeming Liu; Qian Yu; Yuhang Guo; Haifeng Wang,Hongfei Xia,2025,2025-01-01 2025-01-01,10.18653/v1/2025.findings-emnlp.958,,The 2025 Conference on Empirical Methods in Natural Language Processing,,,The 2025 Conference on Empirical Methods in Natural Language Processing,,,,ResearchGate,no,,,2026-05-26 05:19:50,2026-05-26 05:21:21
108,DFY5UNTE,conferencePaper,yes,03 Agent Security Benchmarks,MSc Thesis - Tool-Output Injection / 03 Agent Security Benchmarks / T1,T1,AgentHarm: A Benchmark for Measuring Harmfulness of LLM Agents,AgentHarm,Maksym Andriushchenko; Alexandra Souly; Mateusz Dziemian; Derek Duenas; Maxwell Lin; Justin Wang; Dan Hendrycks; Andy Zou; J. Zico Kolter; Matt Fredrikson; Yarin Gal; Xander Davies,Maksym Andriushchenko,2024,2024-10-04 2024/10/04,,https://openreview.net/forum?id=AC5n7xHuR1,The Thirteenth International Conference on Learning Representations,,,The Thirteenth International Conference on Learning Representations,,,,openreview.net,yes,"The robustness of LLMs to jailbreak attacks, where users design prompts to circumvent safety measures and misuse model capabilities, has been studied primarily for LLMs acting as simple chatbots. Meanwhile, LLM agents---which use external tools and can execute multi-stage tasks---may pose a greater risk if misused, but their robustness remains underexplored. To facilitate research on LLM agent misuse, we propose a new benchmark called AgentHarm. The benchmark includes a diverse set of 110 explic",,2026-05-26 05:19:18,2026-05-26 05:19:18
109,FNFXMQXS,conferencePaper,yes,03 Agent Security Benchmarks,MSc Thesis - Tool-Output Injection / 03 Agent Security Benchmarks / T1,T1,ToolSword: Unveiling Safety Issues of Large Language Models in Tool Learning Across Three Stages,ToolSword,Junjie Ye; Sixian Li; Guanyu Li; Caishuang Huang; Songyang Gao; Yilong Wu; Qi Zhang; Tao Gui; Xuanjing Huang; Lun-Wei Ku; Andre Martins; Vivek Srikumar,Junjie Ye,2024,2024-08-00 2024-08,10.18653/v1/2024.acl-long.119,https://aclanthology.org/2024.acl-long.119/,Proceedings of the 62nd Annual Meeting of the Association for Computational Linguistics (Volume 1: Long Papers),,Proceedings of the 62nd Annual Meeting of the Association for Computational Linguistics (Volume 1: Long Papers),ACL 2024,,,Association for Computational Linguistics,ACLWeb,yes,"Tool learning is widely acknowledged as a foundational approach or deploying large language models (LLMs) in real-world scenarios. While current research primarily emphasizes leveraging tools to augment LLMs, it frequently neglects emerging safety considerations tied to their application. To fill this gap, we present ToolSword, a comprehensive framework dedicated to meticulously investigating safety issues linked to LLMs in tool learning. Specifically, ToolSword delineates six safety scenarios f",,2026-05-26 05:18:10,2026-05-26 05:18:10
110,X5WNNHS5,conferencePaper,yes,03 Agent Security Benchmarks,MSc Thesis - Tool-Output Injection / 03 Agent Security Benchmarks / T1,T1,Identifying the Risks of LM Agents with an LM-Emulated Sandbox,,Yangjun Ruan; Honghua Dong; Andrew Wang; Silviu Pitis; Yongchao Zhou; Jimmy Ba; Yann Dubois; Chris J. Maddison; Tatsunori Hashimoto,Yangjun Ruan,2023,2023-10-13 2023/10/13,,https://openreview.net/forum?id=GEcwtMk1uA,The Twelfth International Conference on Learning Representations,,,The Twelfth International Conference on Learning Representations,,,,openreview.net,yes,"Recent advances in Language Model (LM) agents and tool use, exemplified by applications like ChatGPT Plugins, enable a rich set of capabilities but also amplify potential risks—such as leaking private data or causing financial losses. Identifying these risks is labor-intensive, necessitating implementing the tools, setting up the environment for each test scenario manually, and finding risky cases. As tools and agents become more complex, the high cost of testing these agents will make it increa",,2026-05-26 05:17:48,2026-05-26 05:17:48
111,6RMTGRMN,conferencePaper,yes,02 Prompt Injection - Core,MSc Thesis - Tool-Output Injection / 02 Prompt Injection - Core,,AmpleGCG: Learning a Universal and Transferable Generative Model of Adversarial Suffixes for Jailbreaking Both Open and Closed LLMs,AmpleGCG,Zeyi Liao; Huan Sun,Zeyi Liao,2024,2024-08-26 2024/08/26,,https://openreview.net/forum?id=UfqzXg95I5,First Conference on Language Modeling,,,First Conference on Language Modeling,,,,openreview.net,yes,"\begin{center} \textcolor{red}{Warning: This paper contains potentially offensive and harmful text.}\end{center} As large language models (LLMs) become increasingly prevalent and integrated into autonomous systems, ensuring their safety is imperative. Despite significant strides toward safety alignment, recent work GCG~\citep{zou2023universal} proposes a discrete tokens optimization algorithm and selects the single suffix with the lowest loss to successfully jailbreak aligned LLMs. In this work,",,2026-05-26 05:15:59,2026-05-26 05:15:59
114,WAU8IMK6,conferencePaper,yes,02 Prompt Injection - Core,MSc Thesis - Tool-Output Injection / 02 Prompt Injection - Core / T2,T2,How Not to Detect Prompt Injections with an LLM,,Sarthak Choudhary; Divyam Anshumaan; Nils Palumbo; Somesh Jha,Sarthak Choudhary,2026,"2026-12-30 December 30, 2026",10.1145/3733799.3762980,https://dl.acm.org/doi/10.1145/3733799.3762980,Proceedings of the 18th ACM Workshop on Artificial Intelligence and Security,,Proceedings of the 18th ACM Workshop on Artificial Intelligence and Security,,,,Association for Computing Machinery,ACM Digital Library,yes,"LLM-integrated applications and agents are vulnerable to prompt injection attacks, where adversaries embed malicious instructions within seemingly benign input data to manipulate the LLM’s intended behavior. Recent defenses based on known-answer detection (KAD) scheme have reported near-perfect performance by observing an LLM’s output to classify input data as clean or contaminated. KAD attempts to repurpose the very susceptibility to prompt injection as a defensive mechanism. We formally charac",,2026-05-26 05:03:44,2026-05-26 05:03:44
115,EVADLPKD,conferencePaper,yes,02 Prompt Injection - Core,MSc Thesis - Tool-Output Injection / 02 Prompt Injection - Core / T1,T1,ChatInject: Abusing Chat Templates for Prompt Injection in LLM Agents,ChatInject,Hwan Chang; Yonghyun Jun; Hwanhee Lee,Hwan Chang,2025,2025-10-08 2025/10/08,,https://openreview.net/forum?id=WVhgFSKniL,The Fourteenth International Conference on Learning Representations,,,The Fourteenth International Conference on Learning Representations,,,,openreview.net,yes,"The growing deployment of large language model (LLM) based agents that interact with external environments has created new attack surfaces for adversarial manipulation. One major threat is indirect prompt injection, where attackers embed malicious instructions in external environment output, causing agents to interpret and execute them as if they were legitimate prompts. While previous research has focused primarily on plain-text injection attacks, we find a significant yet underexplored vulnera",,2026-05-26 04:58:48,2026-05-26 04:58:48
116,YS6QLNDB,conferencePaper,yes,02 Prompt Injection - Core,MSc Thesis - Tool-Output Injection / 02 Prompt Injection - Core / T2,T2,AGENTVIGIL: Automatic Black-Box Red-teaming for Indirect Prompt Injection against LLM Agents,AGENTVIGIL,Zhun Wang; Vincent Siu; Zhe Ye; Tianneng Shi; Yuzhou Nie; Xuandong Zhao; Chenguang Wang; Wenbo Guo; Dawn Song; Christos Christodoulopoulos; Tanmoy Chakraborty; Carolyn Rose; Violet Peng,Zhun Wang,2025,2025-11-00 2025-11,10.18653/v1/2025.findings-emnlp.1258,https://aclanthology.org/2025.findings-emnlp.1258/,Findings of the Association for Computational Linguistics: EMNLP 2025,,Findings of the Association for Computational Linguistics: EMNLP 2025,Findings 2025,,,Association for Computational Linguistics,ACLWeb,yes,"There emerges a critical security risk of LLM agents: indirect prompt injection, a sophisticated attack vector that compromises thecore of these agents, the LLM, by manipulating contextual information rather than direct user prompts. In this work, we propose a generic black-box optimization framework, AGENTVIGIL, designed to automatically discover and exploit indirect prompt injection vulnerabilities across diverse LLM agents. Our approach starts by constructing a high-quality initial seed corpu",,2026-05-26 04:57:57,2026-05-26 04:57:57
117,WQ6TQHNK,conferencePaper,yes,02 Prompt Injection - Core,MSc Thesis - Tool-Output Injection / 02 Prompt Injection - Core || MSc Thesis - Tool-Output Injection / 05 Attack Generation and Adaptive Attacks,,Adaptive Attacks Break Defenses Against Indirect Prompt Injection Attacks on LLM Agents,,Qiusi Zhan; Richard Fang; Henil Shalin Panchal; Daniel Kang; Luis Chiruzzo; Alan Ritter; Lu Wang,Qiusi Zhan,2025,2025-04-00 2025-04,10.18653/v1/2025.findings-naacl.395,https://aclanthology.org/2025.findings-naacl.395/,Findings of the Association for Computational Linguistics: NAACL 2025,,Findings of the Association for Computational Linguistics: NAACL 2025,Findings 2025,,,Association for Computational Linguistics,ACLWeb,yes,"Large Language Model (LLM) agents exhibit remarkable performance across diverse applications by using external tools to interact with environments. However, integrating external tools introduces security risks, such as indirect prompt injection (IPI) attacks. Despite defenses designed for IPI attacks, their robustness remains questionable due to insufficient testing against adaptive attacks.In this paper, we evaluate eight different defenses and bypass all of them using adaptive attacks, consist",,2026-05-14 03:49:46,2026-07-01 11:06:21
118,8SREKUGX,conferencePaper,yes,02 Prompt Injection - Core,MSc Thesis - Tool-Output Injection / 02 Prompt Injection - Core / T1,T1,Benchmarking and Defending against Indirect Prompt Injection Attacks on Large Language Models,,Jingwei Yi; Yueqi Xie; Bin Zhu; Emre Kiciman; Guangzhong Sun; Xing Xie; Fangzhao Wu,Jingwei Yi,2025,"2025-07-20 July 20, 2025",10.1145/3690624.3709179,https://dl.acm.org/doi/10.1145/3690624.3709179,Proceedings of the 31st ACM SIGKDD Conference on Knowledge Discovery and Data Mining V.1,,Proceedings of the 31st ACM SIGKDD Conference on Knowledge Discovery and Data Mining V.1,,,,Association for Computing Machinery,ACM Digital Library,yes,"The integration of large language models (LLMs) with external content has enabled applications such as Microsoft Copilot but also introduced vulnerabilities to indirect prompt injection attacks. In these attacks, malicious instructions embedded within external content can manipulate LLM outputs, causing deviations from user expectations. To address this critical yet under-explored issue, we introduce the first benchmark for bindirect prompt injection attacks, named BIPIA, to assess the risk of s",,2026-05-26 04:57:18,2026-05-26 04:57:18
119,7V6YFCJV,conferencePaper,yes,02 Prompt Injection - Core,MSc Thesis - Tool-Output Injection / 02 Prompt Injection - Core,,Tensor Trust: Interpretable Prompt Injection Attacks from an Online Game,Tensor Trust,Sam Toyer; Olivia Watkins; Ethan Adrian Mendes; Justin Svegliato; Luke Bailey; Tiffany Wang; Isaac Ong; Karim Elmaaroufi; Pieter Abbeel; Trevor Darrell; Alan Ritter; Stuart Russell,Sam Toyer,2023,2023-10-13 2023/10/13,,https://openreview.net/forum?id=fsW7wJGLBd,The Twelfth International Conference on Learning Representations,,,The Twelfth International Conference on Learning Representations,,,,openreview.net,yes,"While Large Language Models (LLMs) are increasingly being used in real-world applications, they remain vulnerable to *prompt injection attacks*: malicious third party prompts that subvert the intent of the system designer. To help researchers study this problem, we present a dataset of over 563,000 prompt injection attacks and 118,000 prompt-based ""defenses"" against prompt injection, all created by players of an online game called Tensor Trust. To the best of our knowledge, this is the first dat",,2026-05-26 04:55:18,2026-05-26 04:55:18
120,I6USYZ47,preprint,yes,02 Prompt Injection - Core,MSc Thesis - Tool-Output Injection / 02 Prompt Injection - Core / T3,T3,Prompt Injection attack against LLM-integrated Applications,,Yi Liu; Gelei Deng; Yuekang Li; Kailong Wang; Zihao Wang; Xiaofeng Wang; Tianwei Zhang; Yepang Liu; Haoyu Wang; Yan Zheng; Leo Yu Zhang; Yang Liu,Yi Liu,2025,2025-12-29 2025-12-29,10.48550/arXiv.2306.05499,http://arxiv.org/abs/2306.05499,arXiv,,,,arXiv,arXiv:2306.05499,,arXiv.org,yes,"Large Language Models (LLMs), renowned for their superior proficiency in language comprehension and generation, stimulate a vibrant ecosystem of applications around them. However, their extensive assimilation into various services introduces significant security risks. This study deconstructs the complexities and implications of prompt injection attacks on actual LLM-integrated applications. Initially, we conduct an exploratory analysis on ten commercial applications, highlighting the constraint",arXiv:2306.05499 [cs.CR],2026-05-26 04:53:56,2026-05-26 04:53:56
121,6LHTLUWH,conferencePaper,yes,02 Prompt Injection - Core,MSc Thesis - Tool-Output Injection / 02 Prompt Injection - Core / T2,T2,Ignore Previous Prompt: Attack Techniques For Language Models,Ignore Previous Prompt,Fábio Perez; Ian Ribeiro,Fábio Perez,2022,2022-11-18 2022/11/18,,https://openreview.net/forum?id=qiaRo_7Zmug,NeurIPS ML Safety Workshop,,,NeurIPS ML Safety Workshop,,,,openreview.net,yes,"Transformer-based large language models (LLMs) provide a powerful foundation for natural language tasks in large-scale customer-facing applications. However, studies that explore their vulnerabilities emerging from malicious user interaction are scarce. By proposing PromptInject, a prosaic alignment framework for mask-based iterative adversarial prompt composition, we examine how GPT-3, the most widely deployed language model in production, can be easily misaligned by simple handcrafted inputs. ",,2026-05-26 04:52:18,2026-05-26 04:52:18
124,FXTG2PCE,journalArticle,yes,01 Foundations - LLM Agents and Tool Use,MSc Thesis - Tool-Output Injection / 01 Foundations - LLM Agents and Tool Use / T2,T2,A survey on large language model based autonomous agents,,Lei Wang; Chen Ma; Xueyang Feng; Zeyu Zhang; Hao Yang; Jingsen Zhang; Zhiyuan Chen; Jiakai Tang; Xu Chen; Yankai Lin; Wayne Xin Zhao; Zhewei Wei; Jirong Wen,Lei Wang,2024,2024-03-22 2024-03-22,10.1007/s11704-024-40231-1,https://doi.org/10.1007/s11704-024-40231-1,Frontiers of Computer Science,Frontiers of Computer Science,,,,,,Springer Link,yes,"Autonomous agents have long been a research focus in academic and industry communities. Previous research often focuses on training agents with limited knowledge within isolated environments, which diverges significantly from human learning processes, and makes the agents hard to achieve human-like decisions. Recently, through the acquisition of vast amounts of Web knowledge, large language models (LLMs) have shown potential in human-level intelligence, leading to a surge in research on LLM-base",,2026-05-26 04:49:20,2026-05-26 04:49:20
125,XMKLQWH6,conferencePaper,yes,01 Foundations - LLM Agents and Tool Use,MSc Thesis - Tool-Output Injection / 01 Foundations - LLM Agents and Tool Use / T1,T1,WebArena: A Realistic Web Environment for Building Autonomous Agents,WebArena,Shuyan Zhou; Frank F. Xu; Hao Zhu; Xuhui Zhou; Robert Lo; Abishek Sridhar; Xianyi Cheng; Tianyue Ou; Yonatan Bisk; Daniel Fried; Uri Alon; Graham Neubig,Shuyan Zhou,2023,2023-10-13 2023/10/13,,https://openreview.net/forum?id=oKn9c6ytLx,The Twelfth International Conference on Learning Representations,,,The Twelfth International Conference on Learning Representations,,,,openreview.net,yes,"With advances in generative AI, there is now potential for autonomous agents to manage daily tasks via natural language commands. However, current agents are primarily created and tested in simplified synthetic environments, leading to a disconnect with real-world scenarios. In this paper, we build an environment for language-guided agents that is highly realistic and reproducible. Specifically, we focus on agents that perform tasks on the web, and create an environment with fully functional web",,2026-05-26 04:48:11,2026-05-26 04:48:11
129,UP86ECDV,conferencePaper,yes,01 Foundations - LLM Agents and Tool Use,MSc Thesis - Tool-Output Injection / 01 Foundations - LLM Agents and Tool Use / T1,T1,ToolLLM: Facilitating Large Language Models to Master 16000+ Real-world APIs,ToolLLM,Yujia Qin; Shihao Liang; Yining Ye; Kunlun Zhu; Lan Yan; Yaxi Lu; Yankai Lin; Xin Cong; Xiangru Tang; Bill Qian; Sihan Zhao; Lauren Hong; Runchu Tian; Ruobing Xie; Jie Zhou; Mark Gerstein; Dahai Li; Zhiyuan Liu; Maosong Sun,Yujia Qin,2023,2023-10-13 2023/10/13,,https://openreview.net/forum?id=dHng2O0Jjr,The Twelfth International Conference on Learning Representations,,,The Twelfth International Conference on Learning Representations,,,,openreview.net,yes,"Despite the advancements of open-source large language models (LLMs), e.g., LLaMA, they remain significantly limited in tool-use capabilities, i.e., using external tools (APIs) to fulfill human instructions. The reason is that current instruction tuning largely focuses on basic language tasks but ignores the tool-use domain. This is in contrast to the excellent tool-use capabilities of state-of-the-art (SOTA) closed-source LLMs, e.g., ChatGPT. To bridge this gap, we introduce ToolLLM, a general ",,2026-05-26 04:39:20,2026-05-26 04:39:20
131,BC6WD2UB,conferencePaper,yes,01 Foundations - LLM Agents and Tool Use,MSc Thesis - Tool-Output Injection / 01 Foundations - LLM Agents and Tool Use / T1,T1,Gorilla: large language model connected with massive APIs,Gorilla,Shishir G. Patil; Tianjun Zhang; Xin Wang; Joseph E. Gonzalez,Shishir G. Patil,2024,"2024-12-10 December 10, 2024",,,Proceedings of the 38th International Conference on Neural Information Processing Systems,,Proceedings of the 38th International Conference on Neural Information Processing Systems,,,,Curran Associates Inc.,ACM Digital Library,yes,"Large Language Models (LLMs) have seen an impressive wave of advances, with models now excelling in a variety of tasks, such as mathematical reasoning and program synthesis. However, their potential to effectively use tools via API calls remains unfulfilled. This is a challenging task even for today's state-of-the-art LLMs such as GPT-4 largely due to their unawareness of what APIs are available and how to use them in a frequently updated tool set. We develop Gorilla, a finetuned LLaMA model tha",,2026-05-26 04:37:55,2026-05-26 04:37:55
133,2W94ENA2,journalArticle,yes,01 Foundations - LLM Agents and Tool Use,MSc Thesis - Tool-Output Injection / 01 Foundations - LLM Agents and Tool Use / T1,T1,Tool Learning with Foundation Models,,Yujia Qin; Shengding Hu; Yankai Lin; Weize Chen; Ning Ding; Ganqu Cui; Zheni Zeng; Xuanhe Zhou; Yufei Huang; Chaojun Xiao; Chi Han; Yi Ren Fung; Yusheng Su; Huadong Wang; Cheng Qian; Runchu Tian; Kunlun Zhu; Shihao Liang; Xingyu Shen; Bokai Xu; Zhen Zhang; Yining Ye; Bowen Li; Ziwei Tang; Jing Yi; Yuzhang Zhu; Zhenning Dai; Lan Yan; Xin Cong; Yaxi Lu; Weilin Zhao; Yuxiang Huang; Junxi Yan; Xu Han; Xian Sun; Dahai Li; Jason Phang; Cheng Yang; Tongshuang Wu; Heng Ji; Guoliang Li; Zhiyuan Liu; Maosong Sun,Yujia Qin,2024,"2024-12-24 December 24, 2024",10.1145/3704435,https://dl.acm.org/doi/10.1145/3704435,ACM Computing Surveys,ACM Computing Surveys,,,,,,ACM Digital Library,yes,"Humans possess an extraordinary ability to create and utilize tools. With the advent of foundation models, artificial intelligence systems have the potential to be equally adept in tool use as humans. This paradigm, which is dubbed as tool learning with foundation models, combines the strengths of tools and foundation models to achieve enhanced accuracy, efficiency, and automation in problem-solving. This article presents a systematic investigation and comprehensive review of tool learning. We f",,2026-05-26 04:35:58,2026-05-26 04:35:58
342,GAWE57QK,conferencePaper,yes,01 Foundations - LLM Agents and Tool Use,MSc Thesis - Tool-Output Injection / 01 Foundations - LLM Agents and Tool Use || MSc Thesis - Tool-Output Injection / 03 Agent Security Benchmarks / T1,T1,API-Bank: A Comprehensive Benchmark for Tool-Augmented LLMs,API-Bank,Minghao Li; Yingxiu Zhao; Bowen Yu; Feifan Song; Hangyu Li; Haiyang Yu; Zhoujun Li; Fei Huang; Yongbin Li; Houda Bouamor; Juan Pino; Kalika Bali,Minghao Li,2023,2023-12-00 2023-12,10.18653/v1/2023.emnlp-main.187,https://aclanthology.org/2023.emnlp-main.187/,Proceedings of the 2023 Conference on Empirical Methods in Natural Language Processing,,Proceedings of the 2023 Conference on Empirical Methods in Natural Language Processing,EMNLP 2023,,,Association for Computational Linguistics,ACLWeb,yes,"Recent research has demonstrated that Large Language Models (LLMs) can enhance their capabilities by utilizing external tools. However, three pivotal questions remain unanswered: (1) How effective are current LLMs in utilizing tools? (2) How can we enhance LLMs' ability to utilize tools? (3) What obstacles need to be overcome to leverage tools? To address these questions, we introduce API-Bank, a groundbreaking benchmark, specifically designed for tool-augmented LLMs. For the first question, we ",,2026-05-26 04:36:58,2026-07-01 11:05:57
344,IAGJ3SVY,conferencePaper,yes,06 Defences and Guardrails,MSc Thesis - Tool-Output Injection / 06 Defences and Guardrails / T1,T1,PIGuard: Prompt Injection Guardrail via Mitigating Overdefense for Free,PIGuard,Hao Li; Xiaogeng Liu; Ning Zhang; Chaowei Xiao; Wanxiang Che; Joyce Nabende; Ekaterina Shutova; Mohammad Taher Pilehvar,Hao Li,2025,2025-07-00 2025-07,10.18653/v1/2025.acl-long.1468,https://aclanthology.org/2025.acl-long.1468/,Proceedings of the 63rd Annual Meeting of the Association for Computational Linguistics (Volume 1: Long Papers),,Proceedings of the 63rd Annual Meeting of the Association for Computational Linguistics (Volume 1: Long Papers),ACL 2025,,,Association for Computational Linguistics,ACLWeb,yes,"Prompt injection attacks pose a critical threat to large language models (LLMs), enabling goal hijacking and data leakage. Prompt guard models, though effective in defense, suffer from over-defense—falsely flagging benign inputs as malicious due to trigger word bias. To address this issue, we introduce NotInject, an evaluation dataset that systematically measures over-defense across various prompt guard models. NotInject contains 339 benign samples enriched with trigger words common in prompt in",,2026-05-14 03:49:46,2026-07-01 11:05:53
348,7LACYRTZ,conferencePaper,yes,01 Foundations - LLM Agents and Tool Use,MSc Thesis - Tool-Output Injection / 01 Foundations - LLM Agents and Tool Use || MSc Thesis - Tool-Output Injection / 03 Agent Security Benchmarks / T2,T2,StableToolBench: Towards Stable Large-Scale Benchmarking on Tool Learning of Large Language Models,StableToolBench,Zhicheng Guo; Sijie Cheng; Hao Wang; Shihao Liang; Yujia Qin; Peng Li; Zhiyuan Liu; Maosong Sun; Yang Liu; Lun-Wei Ku; Andre Martins; Vivek Srikumar,Zhicheng Guo,2024,2024-08-00 2024-08,10.18653/v1/2024.findings-acl.664,https://aclanthology.org/2024.findings-acl.664/,Findings of the Association for Computational Linguistics: ACL 2024,,Findings of the Association for Computational Linguistics: ACL 2024,Findings 2024,,,Association for Computational Linguistics,ACLWeb,yes,"Large Language Models (LLMs) have witnessed remarkable advancements in recent years, prompting the exploration of tool learning, which integrates LLMs with external tools to address diverse real-world challenges. Assessing the capability of LLMs to utilise tools necessitates large-scale and stable benchmarks. However, previous works relied on either hand-crafted online tools with limited scale, or large-scale real online APIs suffering from instability of API status. To address this problem, we ",,2026-05-26 04:51:03,2026-07-01 11:05:45
350,APMSQ4NU,conferencePaper,yes,01 Foundations - LLM Agents and Tool Use,MSc Thesis - Tool-Output Injection / 01 Foundations - LLM Agents and Tool Use / T2,T2,A Prompt-Aware Structuring Framework for Reliable Reuse of AI-Generated Content in the Agentic Web,,Shusaku Egami; Masahiro Hamasaki,Shusaku Egami,2026,"2026-05-28 May 28, 2026",10.1145/3774905.3795092,https://dl.acm.org/doi/10.1145/3774905.3795092,Companion Proceedings of the ACM Web Conference 2026,,Companion Proceedings of the ACM Web Conference 2026,,,,Association for Computing Machinery,ACM Digital Library,yes,"The evolution of Large Language Models (LLMs) and the software agents built on them (AI agents) marks a turning point in the transition from a human-centric Web to an ''Agentic Web'' driven by AI agents. However, for AI-Generated Content (AIGC), which is expected to dominate the Web, there is currently no mechanism for agents to verify its reliability, reproducibility, or license compliance during generation. This lack of transparency risks causing chained hallucinations and compliance violation",,2026-07-01 09:28:57,2026-07-01 09:29:14
354,YV9SURRK,conferencePaper,yes,01 Foundations - LLM Agents and Tool Use,MSc Thesis - Tool-Output Injection / 01 Foundations - LLM Agents and Tool Use / T1,T1,"Context, Reasoning, and Hierarchy: A Cost-Performance Study of Compound LLM Agent Design in an Adversarial POMDP","Context, Reasoning, and Hierarchy",Igor Bogdanov; Chung-Horng Lung; Thomas Kunz; Jie Gao; Adrian Taylor; Marzia Zaman,Igor Bogdanov,2026,2026-05-26 2026-05-26,10.1145/3786335.3813149,https://dl.acm.org/doi/10.1145/3786335.3813149,Proceedings of the ACM Conference on AI and Agentic Systems,,Proceedings of the ACM Conference on AI and Agentic Systems,CAIS '26: ACM Conference on AI and Agentic Systems,,,ACM,DOI.org (Crossref),no,,,2026-07-01 09:32:03,2026-07-01 09:32:03
356,HIGXVPRT,conferencePaper,yes,01 Foundations - LLM Agents and Tool Use,MSc Thesis - Tool-Output Injection / 01 Foundations - LLM Agents and Tool Use / T1,T1,"Securing the Agent: Vendor-Neutral, Multitenant Enterprise Retrieval and Tool Use",Securing the Agent,Francisco Javier Arceo; Varsha Prasad Narsing,Francisco Javier Arceo,2026,"2026-05-26 May 26, 2026",10.1145/3786335.3813145,https://dl.acm.org/doi/10.1145/3786335.3813145,Proceedings of the ACM Conference on AI and Agentic Systems,,Proceedings of the ACM Conference on AI and Agentic Systems,,,,Association for Computing Machinery,ACM Digital Library,yes,"Retrieval-Augmented Generation (RAG) and agentic AI systems are increasingly prevalent in enterprise AI deployments. However, real enterprise environments introduce challenges largely absent from academic treatments and consumer-facing APIs: multiple tenants with heterogeneous data, strict access-control requirements, regulatory compliance, and cost pressures that demand shared infrastructure.A fundamental problem underlies existing RAG architectures in these settings: retrieval systems rank doc",,2026-07-01 09:34:52,2026-07-01 09:34:55
364,V7Z3AJDF,journalArticle,yes,01 Foundations - LLM Agents and Tool Use,MSc Thesis - Tool-Output Injection / 01 Foundations - LLM Agents and Tool Use / T2,T2,The rise and potential of large language model based agents: a survey,The rise and potential of large language model based agents,Zhiheng Xi; Wenxiang Chen; Xin Guo; Wei He; Yiwen Ding; Boyang Hong; Ming Zhang; Junzhe Wang; Senjie Jin; Enyu Zhou; Rui Zheng; Xiaoran Fan; Xiao Wang; Limao Xiong; Yuhao Zhou; Weiran Wang; Changhao Jiang; Yicheng Zou; Xiangyang Liu; Zhangyue Yin; Shihan Dou; Rongxiang Weng; Wenjuan Qin; Yongyan Zheng; Xipeng Qiu; Xuanjing Huang; Qi Zhang; Tao Gui,Zhiheng Xi,2025,2025-01-17 2025-01-17,10.1007/s11432-024-4222-0,https://doi.org/10.1007/s11432-024-4222-0,Science China Information Sciences,Science China Information Sciences,,,,,,Springer Link,yes,"For a long time, researchers have sought artificial intelligence (AI) that matches or exceeds human intelligence. AI agents, which are artificial entities capable of sensing the environment, making decisions, and taking actions, are seen as a means to achieve this goal. Extensive efforts have been made to develop AI agents, with a primary focus on refining algorithms or training strategies to enhance specific skills or particular task performance. The field, however, lacks a sufficiently general",,2026-07-01 09:43:48,2026-07-01 09:44:19
365,CZ6266U5,journalArticle,yes,02 Prompt Injection - Core,MSc Thesis - Tool-Output Injection / 02 Prompt Injection - Core / T2,T2,Indirect prompt injection in large language models,,Alfredo Milani; Valentina Franzoni; Emanuele Florindi,Alfredo Milani,2026,2026-06-23 2026-06-23,10.1007/s00521-026-12266-x,https://doi.org/10.1007/s00521-026-12266-x,Neural Computing and Applications,Neural Computing and Applications,,,,,,Springer Link,yes,"This paper addresses the emerging threat of indirect prompt injection, a technique in which malicious agents embed prompts into seemingly innocuous text to manipulate the behaviour and output of Generative Large Language Models (LLMs). As LLMs become more popular and commonly used in everyday activities, this type of attack poses serious concerns about their responses. Without knowledge and protection, processes that depend on them may not be reliable. We present and analyse real-world high-risk",,2026-07-01 09:40:48,2026-07-01 11:06:11
367,JIV7S322,preprint,yes,06 Defences and Guardrails,MSc Thesis - Tool-Output Injection / 06 Defences and Guardrails / T3,T3,Universal and Transferable Adversarial Attacks on Aligned Language Models,,Andy Zou; Zifan Wang; Nicholas Carlini; Milad Nasr; J. Zico Kolter; Matt Fredrikson,Andy Zou,2023,2023-12-20 2023-12-20,10.48550/arXiv.2307.15043,http://arxiv.org/abs/2307.15043,arXiv,,,,arXiv,arXiv:2307.15043,,arXiv.org,yes,"Because ""out-of-the-box"" large language models are capable of generating a great deal of objectionable content, recent work has focused on aligning these models in an attempt to prevent undesirable generation. While there has been some success at circumventing these measures -- so-called ""jailbreaks"" against LLMs -- these attacks have required significant human ingenuity and are brittle in practice. In this paper, we propose a simple and effective attack method that causes aligned language model",arXiv:2307.15043 [cs.CL],2026-07-01 09:49:51,2026-07-01 09:50:00
371,U4HNQJW8,conferencePaper,yes,03 Agent Security Benchmarks,MSc Thesis - Tool-Output Injection / 03 Agent Security Benchmarks / T1,T1,Agent Security Bench (ASB): Formalizing and Benchmarking Attacks and Defenses in LLM-based Agents,Agent Security Bench (ASB),Hanrong Zhang; Jingyuan Huang; Kai Mei; Yifei Yao; Zhenting Wang; Chenlu Zhan; Hongwei Wang; Yongfeng Zhang,Hanrong Zhang,2024,2024-10-04 2024/10/04,,https://openreview.net/forum?id=V4y0CpX4hK,The Thirteenth International Conference on Learning Representations,,,The Thirteenth International Conference on Learning Representations,,,,openreview.net,yes,"Although LLM-based agents, powered by Large Language Models (LLMs), can use external tools and memory mechanisms to solve complex real-world tasks, they may also introduce critical security vulnerabilities. However, the existing literature does not comprehensively evaluate attacks and defenses against LLM-based agents. To address this, we introduce Agent Security Bench (ASB), a comprehensive framework designed to formalize, benchmark, and evaluate the attacks and defenses of LLM-based agents, in",,2026-07-01 09:52:30,2026-07-01 09:52:45
374,A64EF5SD,conferencePaper,yes,06 Defences and Guardrails,MSc Thesis - Tool-Output Injection / 06 Defences and Guardrails / T1,T1,Formalizing and Benchmarking Prompt Injection Attacks and Defenses,,Yupei Liu; Yuqi Jia; Runpeng Geng; Jinyuan Jia; Neil Zhenqiang Gong,Yupei Liu,2024,"2024-08-12 August 12, 2024",,https://www.usenix.org/conference/usenixsecurity24/presentation/liu-yupei,Proceedings of the 33rd USENIX Conference on Security Symposium,,Proceedings of the 33rd USENIX Conference on Security Symposium,33rd USENIX Security Symposium (USENIX Security 24),,,USENIX Association,www.usenix.org,no,,,2026-07-01 09:56:23,2026-07-01 09:58:09
382,EAWDGDFJ,conferencePaper,yes,06 Defences and Guardrails,MSc Thesis - Tool-Output Injection / 06 Defences and Guardrails / T1,T1,ACE: A Security Architecture for LLM-Integrated App Systems,ACE,Evan Li; Tushin Mallick; Evan Rose; William Robertson; Alina Oprea; Cristina Nita-Rotaru,Evan Li,2026,2026-00-00 2026,10.14722/ndss.2026.230352,https://www.ndss-symposium.org/wp-content/uploads/2026-s352-paper.pdf,Proceedings 2026 Network and Distributed System Security Symposium,,Proceedings 2026 Network and Distributed System Security Symposium,Network and Distributed System Security Symposium,,,Internet Society,DOI.org (Crossref),yes,"LLM-integrated app systems extend the utility of Large Language Models (LLMs) with third-party apps that are invoked by a system LLM using interleaved planning and execution phases to answer user queries. These systems introduce new attack vectors where malicious apps can cause integrity violation of planning or execution, availability breakdown, or privacy compromise during execution.",,2026-07-01 10:05:00,2026-07-01 10:05:00
384,WAGT2NFG,conferencePaper,yes,06 Defences and Guardrails,MSc Thesis - Tool-Output Injection / 06 Defences and Guardrails / T1,T1,Attention is All You Need to Defend Against Indirect Prompt Injection Attacks in LLMs,,Yinan Zhong; Qianhao Miao; Yanjiao Chen; Jiangyi Deng; Yushi Cheng; Wenyuan Xu; Yanjiao Chen,Yinan Zhong,2026,2026-00-00 2026,10.14722/ndss.2026.240394,https://www.ndss-symposium.org/wp-content/uploads/2026-f394-paper.pdf,Proceedings 2026 Network and Distributed System Security Symposium,,Proceedings 2026 Network and Distributed System Security Symposium,Network and Distributed System Security Symposium,,,Internet Society,DOI.org (Crossref),yes,"Large Language Models (LLMs) have been integrated into many applications (e.g., web agents) to perform more sophisticated tasks. However, LLM-empowered applications are vulnerable to Indirect Prompt Injection (IPI) attacks, where instructions are injected via untrustworthy external data sources. This paper presents RENNERVATE, a defense framework to detect and prevent IPI attacks. RENNERVATE leverages attention features to detect the covert injection at a fine-grained token level, enabling preci",,2026-07-01 10:07:41,2026-07-01 10:07:56
385,MYKJW6M4,conferencePaper,yes,06 Defences and Guardrails,MSc Thesis - Tool-Output Injection / 06 Defences and Guardrails / T2,T2,Defending Against Prompt Injection with a Few DefensiveTokens,,Sizhe Chen; Yizhu Wang; Nicholas Carlini; Chawin Sitawarin; David Wagner,Sizhe Chen,2025,2025-07-01 2025/07/01,,https://openreview.net/forum?id=VAJQ8UblUo,ICML 2025 Workshop on Reliable and Responsible Foundation Models,,,ICML 2025 Workshop on Reliable and Responsible Foundation Models,,,,openreview.net,yes,"When large language model (LLM) systems interact with external data to perform complex tasks, a new attack, namely prompt injection, becomes a significant threat. By injecting instructions into the data accessed by the system, the attacker is able to override the initial user task with an arbitrary task directed by the attacker. To secure the system, test-time defenses, e.g., defensive prompting, have been proposed for system developers to attain security only when needed in a flexible manner. H",,2026-07-01 10:12:02,2026-07-01 10:12:02
390,F79ZX3ZB,conferencePaper,yes,06 Defences and Guardrails,MSc Thesis - Tool-Output Injection / 06 Defences and Guardrails / T1,T1,VIGIL: Defending LLM Agents Against Tool-Stream Injection via Verify-Before-Commit,VIGIL,Junda Lin; Zhaomeng Zhou; Zhi Zheng; Shuochen Liu; Tong Xu; Yong Chen; Enhong Chen; Maria Liakata; Viviane P. Moreira; Jiajun Zhang; David Jurgens,Junda Lin,2026,2026-07-00 2026-07,,https://aclanthology.org/2026.acl-long.443/,Proceedings of the 64th Annual Meeting of the Association for Computational Linguistics (Volume 1: Long Papers),,Proceedings of the 64th Annual Meeting of the Association for Computational Linguistics (Volume 1: Long Papers),ACL 2026,,,Association for Computational Linguistics,ACLWeb,yes,"LLM agents operating in open environments face escalating risks from indirect prompt injection, particularly within the tool stream where manipulated metadata and runtime feedback hijack execution flow. Existing defenses encounter a critical dilemma as advanced models prioritize injected rules due to strict alignment while static protection mechanisms sever the feedback loop required for adaptive reasoning. To reconcile this conflict, we propose VIGIL, a framework that shifts the paradigm from r",,2026-07-01 10:21:18,2026-07-01 10:21:22
392,D2UYLRMU,preprint,yes,01 Foundations - LLM Agents and Tool Use,MSc Thesis - Tool-Output Injection / 01 Foundations - LLM Agents and Tool Use || MSc Thesis - Tool-Output Injection / 01 Foundations - LLM Agents and Tool Use / T3,T3,"MRKL Systems: A modular, neuro-symbolic architecture that combines large language models, external knowledge sources and discrete reasoning",MRKL Systems,Ehud Karpas; Omri Abend; Yonatan Belinkov; Barak Lenz; Opher Lieber; Nir Ratner; Yoav Shoham; Hofit Bata; Yoav Levine; Kevin Leyton-Brown; Dor Muhlgay; Noam Rozen; Erez Schwartz; Gal Shachaf; Shai Shalev-Shwartz; Amnon Shashua; Moshe Tenenholtz,Ehud Karpas,2022,2022-05-01 2022-05-01,10.48550/arXiv.2205.00445,http://arxiv.org/abs/2205.00445,arXiv,,,,arXiv,arXiv:2205.00445,,arXiv.org,yes,"Huge language models (LMs) have ushered in a new era for AI, serving as a gateway to natural-language-based knowledge tasks. Although an essential element of modern AI, LMs are also inherently limited in a number of ways. We discuss these limitations and how they can be avoided by adopting a systems approach. Conceptualizing the challenge as one that involves knowledge and reasoning in addition to linguistic processing, we define a flexible architecture with multiple neural models, complemented ",arXiv:2205.00445 [cs.CL],2026-05-26 04:44:13,2026-07-01 11:05:49
395,C629Z8JQ,preprint,yes,01 Foundations - LLM Agents and Tool Use,MSc Thesis - Tool-Output Injection / 01 Foundations - LLM Agents and Tool Use || MSc Thesis - Tool-Output Injection / 01 Foundations - LLM Agents and Tool Use / T3,T3,WebGPT: Browser-assisted question-answering with human feedback,WebGPT,Reiichiro Nakano; Jacob Hilton; Suchir Balaji; Jeff Wu; Long Ouyang; Christina Kim; Christopher Hesse; Shantanu Jain; Vineet Kosaraju; William Saunders; Xu Jiang; Karl Cobbe; Tyna Eloundou; Gretchen Krueger; Kevin Button; Matthew Knight; Benjamin Chess; John Schulman,Reiichiro Nakano,2022,2022-06-01 2022-06-01,10.48550/arXiv.2112.09332,http://arxiv.org/abs/2112.09332,arXiv,,,,arXiv,arXiv:2112.09332,,arXiv.org,yes,"We fine-tune GPT-3 to answer long-form questions using a text-based web-browsing environment, which allows the model to search and navigate the web. By setting up the task so that it can be performed by humans, we are able to train models on the task using imitation learning, and then optimize answer quality with human feedback. To make human evaluation of factual accuracy easier, models must collect references while browsing in support of their answers. We train and evaluate our models on ELI5,",arXiv:2112.09332 [cs.CL],2026-07-01 10:23:01,2026-07-01 11:06:15
399,FS8FXVW9,preprint,yes,07 Long-Horizon and Memory Risks,MSc Thesis - Tool-Output Injection / 07 Long-Horizon and Memory Risks / T1,T1,AgentLAB: Benchmarking LLM Agents against Long-Horizon Attacks,AgentLAB,Tanqiu Jiang; Yuhui Wang; Jiacheng Liang; Ting Wang,Tanqiu Jiang,2026,2026-02-18 2026-02-18,10.48550/arXiv.2602.16901,http://arxiv.org/abs/2602.16901,arXiv,,,,arXiv,arXiv:2602.16901,,arXiv.org,yes,"LLM agents are increasingly deployed in long-horizon, complex environments to solve challenging problems, but this expansion exposes them to long-horizon attacks that exploit multi-turn user-agent-environment interactions to achieve objectives infeasible in single-turn settings. To measure agent vulnerabilities to such risks, we present AgentLAB, the first benchmark dedicated to evaluating LLM agent susceptibility to adaptive, long-horizon attacks. Currently, AgentLAB supports five novel attack ",arXiv:2602.16901 [cs.AI],2026-07-01 10:31:28,2026-07-01 10:31:33
402,WH38KM7S,journalArticle,yes,06 Defences and Guardrails,MSc Thesis - Tool-Output Injection / 06 Defences and Guardrails / T2,T2,"Prompt Injection Attacks in Large Language Models and AI Agent Systems: A Comprehensive Review of Vulnerabilities, Attack Vectors, and Defense Mechanisms",Prompt Injection Attacks in Large Language Models and AI Agent Systems,Saidakhror Gulyamov; Said Gulyamov; Andrey Rodionov; Rustam Khursanov; Kambariddin Mekhmonov; Djakhongir Babaev; Akmaljon Rakhimjonov,Saidakhror Gulyamov,2026,2026-01-00 2026/1,10.3390/info17010054,https://www.mdpi.com/2078-2489/17/1/54,Information,Information,,,,,Multidisciplinary Digital Publishing Institute,www.mdpi.com,yes,"Large language models (LLMs) have rapidly transformed artificial intelligence applications across industries, yet their integration into production systems has unveiled critical security vulnerabilities, chief among them prompt injection attacks. This comprehensive review synthesizes research from 2023 to 2025, analyzing 45 key sources, industry security reports, and documented real-world exploits. We examine the taxonomy of prompt injection techniques, including direct jailbreaking and indirect",,2026-07-01 10:55:48,2026-07-01 10:56:04
404,MF89Z72M,conferencePaper,yes,04 MCP Security,MSc Thesis - Tool-Output Injection / 04 MCP Security / T3,T3,MCP safety audit: LLMs with the model context protocol allow major security exploits,MCP safety audit,John T. Halloran; Brandon Radosevich; Gavin Black,John T. Halloran,2026,2026-06-10 2026/06/10,10.1117/12.3097390,https://www.spiedigitallibrary.org/conference-proceedings-of-spie/14046/140460a/mcp-safety-audit--llms-with-the-model-context-protocol/10.1117/12.3097390,Assurance and Security for AI-enabled Systems 2026,,Assurance and Security for AI-enabled Systems 2026,Assurance and Security for AI-enabled Systems 2026,,,SPIE,www.spiedigitallibrary.org,yes,"To reduce development overhead and enable seamless integration between potential components comprising any given generative AI application, the Model Context Protocol (MCP) mcp:anthropic has recently",,2026-07-01 10:58:46,2026-07-01 10:58:51
